utc,available_mib,host_exit,guest_exit
2026-10-09T16:45:56.049332+00:00,10057,,not_started
2026-10-09T16:45:58.049828+00:00,9668,,not_started
2026-10-09T16:46:00.050570+00:00,9563,,not_started
2026-10-09T16:46:02.051115+00:00,9542,,not_started
2026-10-09T16:46:04.051620+00:00,9482,,not_started
2026-10-09T16:46:06.052084+00:00,9419,,not_started
2026-10-09T16:46:08.053095+00:00,9273,,not_started
2026-10-09T16:46:10.053790+00:00,9113,,not_started
2026-10-09T16:46:12.054325+00:00,8900,,not_started
2026-10-09T16:46:14.054831+00:00,8844,,not_started
2026-10-09T16:46:16.055338+00:00,8735,,not_started
2026-10-09T16:46:18.055936+00:00,8579,,not_started
2026-10-09T16:46:20.056453+00:00,8536,,not_started
2026-10-09T16:46:22.057276+00:00,8376,,not_started
2026-10-09T16:46:24.057907+00:00,8212,,not_started
2026-10-09T16:46:26.058544+00:00,8176,,not_started
2026-10-09T16:46:28.059048+00:00,8173,,not_started
2026-10-09T16:46:30.059827+00:00,8139,,not_started
2026-10-09T16:46:32.060532+00:00,8115,,not_started
2026-10-09T16:46:34.061098+00:00,8105,,not_started
2026-10-09T16:46:36.061600+00:00,8104,,not_started
2026-10-09T16:46:38.062095+00:00,8066,,not_started
2026-10-09T16:46:40.063697+00:00,7826,,
2026-10-09T16:46:42.064550+00:00,7674,,
2026-10-09T16:46:44.065060+00:00,7626,,
2026-10-09T16:46:46.065592+00:00,7573,,
2026-10-09T16:46:48.066163+00:00,7522,,
2026-10-09T16:46:50.066967+00:00,7567,,
2026-10-09T16:46:52.067452+00:00,7440,,
2026-10-09T16:46:54.067960+00:00,7280,,
2026-10-09T16:46:56.068395+00:00,7146,,
2026-10-09T16:46:58.068843+00:00,7068,,
2026-10-09T16:47:00.069280+00:00,6925,,
2026-10-09T16:47:02.069933+00:00,6866,,
2026-10-09T16:47:04.070352+00:00,6787,,
2026-10-09T16:47:06.070741+00:00,6738,,
2026-10-09T16:47:08.071206+00:00,6551,,
2026-10-09T16:47:10.071584+00:00,6416,,
2026-10-09T16:47:12.072153+00:00,6373,,
2026-10-09T16:47:14.072678+00:00,6276,,
2026-10-09T16:47:16.073065+00:00,6249,,
2026-10-09T16:47:18.073374+00:00,6215,,
2026-10-09T16:47:20.073704+00:00,6202,,
2026-10-09T16:47:22.074080+00:00,6172,,
2026-10-09T16:47:24.074649+00:00,6152,,
2026-10-09T16:47:26.075418+00:00,6161,,
2026-10-09T16:47:28.075913+00:00,6167,,
2026-10-09T16:47:30.076437+00:00,6162,,
2026-10-09T16:47:32.076814+00:00,6158,,
2026-10-09T16:47:34.077094+00:00,6174,,
2026-10-09T16:47:36.077376+00:00,6165,,
2026-10-09T16:47:38.077747+00:00,6162,,
2026-10-09T16:47:40.078176+00:00,6102,,
2026-10-09T16:47:42.078732+00:00,6082,,
2026-10-09T16:47:44.079239+00:00,6116,,
2026-10-09T16:47:46.079952+00:00,6073,,
2026-10-09T16:47:48.080456+00:00,8614,,
2026-10-09T16:47:50.081095+00:00,10021,0,0
