phase,utc,available_mib
new,2026-10-10T06:18:49.844769+00:00,8432
new,2026-10-10T06:18:51.845391+00:00,8139
new,2026-10-10T06:18:53.845858+00:00,7932
new,2026-10-10T06:18:55.846400+00:00,7844
new,2026-10-10T06:18:57.846734+00:00,7743
new,2026-10-10T06:18:59.847128+00:00,7687
new,2026-10-10T06:19:01.848777+00:00,7444
new,2026-10-10T06:19:03.849133+00:00,7130
new,2026-10-10T06:19:05.849470+00:00,6962
new,2026-10-10T06:19:07.849862+00:00,6801
new,2026-10-10T06:19:09.850378+00:00,6740
new,2026-10-10T06:19:11.850774+00:00,6687
new,2026-10-10T06:19:13.851385+00:00,6637
new,2026-10-10T06:19:15.851846+00:00,6638
new,2026-10-10T06:19:17.852447+00:00,6576
new,2026-10-10T06:19:19.852827+00:00,6552
new,2026-10-10T06:19:21.853113+00:00,6418
new,2026-10-10T06:19:23.853400+00:00,6368
new,2026-10-10T06:19:25.853712+00:00,7494
